epoch,time(s),train_loss,test_loss,test_error(%)
001,00021,1.087622,1.35524,45.08
002,00019,0.754336,1.20789,40.82
003,00020,0.660027,0.82181,28.55
